{
    "roc_auc": 0.7414899057989036,
    "accuracy": 0.6855925727200299,
    "precision": 0.15771172716014098,
    "recall": 0.6668680765357502,
    "f1": 0.2550945722100235,
    "confusion_matrix": {
        "true_negatives": 38855,
        "false_positives": 17683,
        "false_negatives": 1654,
        "true_positives": 3311
    },
    "class_distribution": {
        "non_default_count": 282686,
        "non_default_pct": 91.92711805431351,
        "default_count": 24825,
        "default_pct": 8.072881945686495
    },
    "feature_count": 29,
    "training_timestamp": "2026-07-08 11:20:05",
    "model_version": "v1"
}