{
    "roc_auc": 0.7559161557411483,
    "accuracy": 0.7327122254198982,
    "precision": 0.17733408323959504,
    "recall": 0.6350453172205438,
    "f1": 0.2772477467575291,
    "confusion_matrix": {
        "true_negatives": 41911,
        "false_positives": 14627,
        "false_negatives": 1812,
        "true_positives": 3153
    },
    "best_params": {
        "classifier__learning_rate": 0.01,
        "classifier__max_depth": 12,
        "classifier__n_estimators": 250
    },
    "cv_roc_auc": 0.7265354610337437,
    "feature_count": 32,
    "model_version": "v1_grid_tuned",
    "training_timestamp": "2026-07-08 11:35:42"
}