{
    "roc_auc": 0.7617414974972317,
    "accuracy": 0.7046973318374713,
    "precision": 0.16962899914885096,
    "recall": 0.6823766364551863,
    "f1": 0.2717138503488652,
    "confusion_matrix": {
        "true_negatives": 39953,
        "false_positives": 16585,
        "false_negatives": 1577,
        "true_positives": 3388
    },
    "feature_count": 29,
    "model_version": "v1",
    "training_timestamp": "2026-07-09 15:14:48"
}