{
    "roc_auc": 0.7441196265898503,
    "accuracy": 0.6879989594003545,
    "precision": 0.15968035218681215,
    "recall": 0.6721047331319234,
    "f1": 0.2580520434597688,
    "confusion_matrix": {
        "true_negatives": 38977,
        "false_positives": 17561,
        "false_negatives": 1628,
        "true_positives": 3337
    }
}