{
    "roc_auc": 0.7655109894629416,
    "accuracy": 0.7266637399801635,
    "precision": 0.17834256543933963,
    "recall": 0.6614300100704934,
    "f1": 0.2809358826297104,
    "average_precision": 0.2533605275932662,
    "confusion_matrix": {
        "true_negatives": 41408,
        "false_positives": 15130,
        "false_negatives": 1681,
        "true_positives": 3284
    },
    "feature_count": 32,
    "best_iteration": 302,
    "training_time_seconds": 2.6104440689086914,
    "model_version": "v1",
    "training_timestamp": "2026-07-12 19:48:43"
}