{
    "roc_auc": 0.7673456563912294,
    "average_precision": 0.25596221276571807,
    "accuracy": 0.7125018291790645,
    "precision": 0.17487344684767603,
    "recall": 0.6888217522658611,
    "f1": 0.27893320283826767,
    "specificity": 0.7145813435211716,
    "confusion_matrix": {
        "true_negatives": 40401,
        "false_positives": 16137,
        "false_negatives": 1545,
        "true_positives": 3420
    },
    "false_positives": 16137,
    "false_negatives": 1545,
    "business_loss": 47380500.0,
    "cv_roc_auc_mean": 0.7622127269126043,
    "cv_roc_auc_std": 0.005230036174165167,
    "best_iteration": 963,
    "training_time_seconds": 93.61917805671692,
    "model_version": "v2_tuned",
    "training_timestamp": "2026-07-12 20:13:08"
}